"strech_id","strech_name"
1,"Mexico-chalco"
2,"Chalco-mexico"
3,"Mexico-san martin texmelucan"
4,"san martin texmelucan-puebla"
5,"Mexico-circuito exterior mexiquense"
6,"LIBRAMIENTO AMECAMECA-NEPANTLA"
7,"SAN MARTÍN TEXMELUCAN-TLAXCALA"
8,"JANTETELCO - EL HIGUERON"
9,"Cuautla-chinameca"
10,"Jantetelco-cuautla"
11,"PUEBLA-ACATZINGO"
12,"PUEBLA-Amozoc"
13,"Puebla-ent. Amozoc III"
14,"CUAPIAXTLA-CUACNOPALAN"
15,"el seco-cuacnopalan"
16,"Cuapiaxtla-el seco"
17,"ACATZINGO-CD. MENDOZA"
18,"ACATZINGO-esperanza"
19,"Esperanza-cd mendoza"
20,"CORDOBA-la tinaja"
21,"Cuitlahuac-la tinaja"
22,"Cordoba-cuitlahuac"
23,"la tinaja-veracruz"
24,"la tinaja-paso del toro"
25,"paso del toro-veracruz"
26,"Cuacnopalan-tehuacán"
27,"Tehuacán-miahuatlán"
28,"Miahuatlán-nochixtlán"
29,"Miahuatlán-coixtlahuaca"
30,"Nochixtlán-oaxaca"
31,"Nochixtlán-huitzo"
32,"Huitzo-oaxaca"
33,"BARRANCA LARGA-VENTANILLA"
34,"BARRANCA LARGA-VENTANILLA"
35,"la tinaja-isla"
36,"la tinaja-cosamaloapan"
37,"Cosamaloapan-isla"
38,"Isla-cosoleacaque"
39,"Isla-acayucan"
40,"Acayucan-cosoleacaque"
41,"TÚNEL COATZACOALCOS"
42,"MITLA-TEHUANTEPEC II"
43,"Mitla-lachixitla"
44,"LACHIXILA-ENT. TEHUANTEPEC II"
45,"salina cruz-tehuantepec"
46,"Tehuantepec-la ventosa"
47,"Tehuantepec-ixtepec"
48,"Ixtepec-la ventosa"
49,"PUENTE NACIONAL ALVARADO"
50,"PUENTE NACIONAL TLACOTALPAN"
51,"PUENTE NACIONAL CARACOL"
52,"PUENTE NACIONAL PAPALOAPAN"
53,"PUENTA NACIONAL DOVALI"
54,"Amozoc-ent. Ixtenco"
55,"ent. Ixtenco-ent oriental"
56,"ent. Ixtenco-cuapiaxtla"
57,"ent. Cuapiaxtla-ent orientel"
58,"ent. Oriental-perote II"
59,"ent. Oriental-ent. Cantona"
60,"ent. Cantona-ent perote II"
61,"libramiento de perote"
62,"ent. Ixtenco- ent. Audi"
63,"AMOZOC-PEROTE (AUDI CUAPIAXTLA A1 Y A2)"
64,"AMOZOC-PEROTE (AUDI CUAPIAXTLA)"
65,"PEROTE-BANDERILLA"
66,"LIBRAMIENTO XALAPA"
67,"CARDEL-VERACRUZ"
68,"SAN JULIÁN-VERACRUZ"
69,"LIBRAMIENTO PLAN DEL RIO"
70,"PUENTE NACIONAL NAUTLA"
71,"las chopas-nuevo sacrificio"
72,"las chopas-las chopas II"
73,"las chopas II-nuevo sacrificio"
74,"nuevo sacrificio-raudales"
75,"nuevo sacrificio-malpasito"
76,"Malpasito-raudales"
77,"Raudales-ocozocuautla"
78,"TUXTLA GUTIERREZ-SAN CRISTOBAL DE LAS C"
79,"Arriaga-tierra y libertad"
80,"tierra y libertad-jiquipilas"
81,"Jiquipilas-montes azules"
82,"montes azules-ocozocoautla"
83,"AGUA DULCE-CARDENAS"
84,"agua dulce-magallanes"
85,"Magallanes-cardenas"
86,"loma de caballo-frontera"
87,"loma de caballo-nacajuca"
88,"Nacajuca-frontera"
89,"PUENTE NACIONAL GRIJALVA"
90,"PUENTE NACIONAL USUMACINTA"
91,"puente el zacatal"
92,"CHAMPOTON-CAMPECHE"
93,"Seybaplaya-champeche"
94,"Champoton-seybaplaya"
95,"CTO. EXT. MEXIQUENSE -T0 JOROBAS"
96,"T1 TULTEPEC Origen entronque Lechería-Texcoco"
1395,"T1 Tultepec Origen entronque Hank González"
97,"T2 CONMEX Origen entronque Hank González"
1393,"T2 CONMEX Origen entronque Lechería-Texcoco"
98,"CTO. EXT. MEXIQUENSE -T3 NABOR CARRILLO (P"
99,"CTO. EXT. MEXIQUENSE -T3 NABOR CARRILLO (B"
100,"CTO. EXT. MEXIQUENSE -T4 CHALCO"
101,"CTO. EXT. MEXIQUENSE A-1A - A-1B HUEHUETO"
102,"CTO. EXT. MEXIQUENSE   A-2 / A-5 HANK GLEZ."
103,"CTO. EXT. MEXIQUENSE  A-6, A-7 PERIFÉRICO"
104,"CTO. EXT. MEXIQUENSE  A-8 (PICHARDO)"
105,"CTO. EXT. MEXIQUENSE  A-9 CTM"
106,"T1 JALTENCO Lechería-Texcoco"
1394,"T1 JALTENCO Origen entronque Hank González"
107,"CTO. EXT. MEXIQUENSE  A-3 A PACHUCA"
108,"CTO. EXT. MEXIQUENSE  A-4 PACHUCA"
109,"CTO. EXT. MEXIQUENSE  A-21 - A-22 B. XOCHIAC"
110,"CTO. EXT. MEXIQUENSE  T-7 - TEXCOCO"
111,"CTO. EXT. MEXIQUENSE  A-27 SAN BUENA VENT"
112,"CTO. EXT. MEXIQUENSE A-28 SAN BUENA VENT"
113,"CTO. EXT. MEXIQUENSE  A-31 - A-32 ENT. TULTE"
114,"CTO. EXT. MEXIQUENSE A-34 - A-36 V. MEXIQUE"
115,"CTO. EXT. MEXIQUENSE  A-33 Y A-35 (AUXILIAR"
116,"CTO. EXT. MEXIQUENSE  T-5 TULTITLÁN"
117,"CTO. EXT. MEXIQUENSE  T6 CUAUTITLÁN-(SAN"
118,"CTO. EXT. MEXIQUENSE  AIFA T-5 D.S.I."
119,"CTO. EXT. MEXIQUENSE  AIFA A-35 D.S.I."
1396,"A-12 entronque santa inés"
120,"indios verdes-san cristobal ecatepec"
121,"Mexico-lecheria"
122,"MÉXICO-PACHUCA"
123,"indios verdez-tizayuca"
124,"MÉXICO-PACHUCA"
125,"ECATEPEC-PIRÁMIDES"
126,"Ecatepec-tepexpan"
127,"Tepexpan-san martín de las pirámides"
128,"PIRÁMIDES-TEXCOCO"
129,"PIRÁMIDES-TEXCOCO"
130,"PIRÁMIDES-TEXCOCO"
131,"PIRÁMIDES-TEXCOCO"
132,"PEÑON-TEXCOCO"
133,"PEÑON-TEXCOCO"
134,"Ent. Circuito exterior mexiquense"
135,"Tejocotal-tuxpan"
136,"LIBRAMIENTO TULANCINGO"
137,"Tulancingo-venta grande"
138,"Tejocotal-nuevo necaxa"
139,"avila camacho-venustiano carranza"
140,"venustiano carranza-tihuatlán"
141,"TIHUATLAN-TUXPAN"
142,"tihuatlan I-tihuatlan II"
143,"buenos aires-naranjos"
144,"buenos aires-ozuluama"
145,"Naranjos-ozuluama"
146,"los gil-buenos aires"
147,"TIHUATLAN-GUTIERREZ ZAMORA"
148,"TUXPAN-CARDEL"
149,"Nautla-gutierrez zamora"
150,"Nautla-tihuatlan"
151,"vega de alatorre-nautla"
152,"laguna verde-nautla"
153,"laguna verde-vega de alatorre"
154,"PUENTE NACIONAL TECOLUTLA"
155,"LIBRAMIENTO PONIENTE DE TAMPICO"
156,"boulevard loma real-altamira"
157,"ciudad valles-boulevard loma real"
158,"puente tampico"
159,"puente pánuco"
160,"Mexico-tepeji del rio"
161,"Jorobas-tepeji del rio"
162,"tepeji del rio-palmillas"
163,"tepeji del rio-palmillas"
164,"tepeji del rio-polotitlan"
165,"Queretaro-celaya"
166,"Celaya-cerro gordo"
167,"Queretaro-ent. Libramiento surponiente de queretaro"
168,"LIBRAMIENTO DE CELAYA"
169,"LIBRAMIENTO DE CELAYA"
170,"LIBRAMIENTO DE CELAYA"
171,"Celaya-ent. Villagran"
172,"QUERETARO-IRAPUATO"
173,"cerro gordo-irapuato"
174,"cerro gordo-salamanca"
175,"Celaya-irapuato"
176,"Celaya-salamanca"
177,"cerro gordo-ent la garrida"
178,"entronque itesi-san cristobal"
179,"san cristobal-entronque carretera 90"
180,"entronque itesi-arandas"
181,"Arandas-san cristobal"
182,"Salamanca-irapuato"
183,"Irapuato-leon"
184,"Irapuato-silao"
185,"Silao-leon"
186,"eje metropolitano-ent los rodrigiez"
187,"GUANAJUATO-SILAO"
188,"Leon-lagos de moreno"
189,"Leon-las joyas"
190,"Leon-san francisco del rincon"
191,"Leon-plande ayala"
192,"union de san antonio-lagos de moreno"
193,"Leon-ent central de abastos"
194,"Leon-ent aut salamanca"
195,"ent. Lagos de moreno-aguascalientes"
196,"encarnacion de diaz-aguascalentes"
197,"Ent. Montoro-Ent. La Escondida"
198,"Ent. Montoro-Ent. El Chichimeco"
199,"Ent. El Chichimeco-Ent. La Escondida"
200,"CD. CUAUHTEMOC-OSIRIS"
201,"ent. Arandas-el desperdicio"
202,"ent. Arandas-jalostotitlan"
203,"Jalostotitlan-el desperdicio"
204,"ent. Arandas-san miguel el alto"
205,"ent. San juan de los lagos-el desperdicio"
206,"ZAPOTLANEJO-LAGOS DE MORENO"
207,"ZAPOTLANEJO-LAGOS DE MORENO"
208,"ZAPOTLANEJO-LAGOS DE MORENO"
209,"Zapotlanejo-ent. Arandas"
210,"Guadalajara-acatic"
211,"ent. Acatic-zapotlanejo"
212,"Zapotlanejo-tepatitlan"
213,"ZAPOTLANEJO-LAGOS DE MORENO"
214,"ZAPOTLANEJO-LAGOS DE MORENO"
215,"Tapatitlan-ent. Arandas"
216,"lagos de moreno-villa de arriaga"
217,"VENTURA-EL PEYOTE"
218,"LIBRAMIENTO ARCO NORTE SAN LUIS POTOS"
219,"LIBRAMIENTO PONIENTE SAN LUIS POTOSI"
220,"Horizontes-guadalajara"
221,"Horizontes-zacatecas"
222,"LIBRAMIENTO ORIENTE SAN LUIS POTOSI"
223,"Rioverde-la pila"
224,"LIBRAMIENTO NORESTE QUERETARO"
225,"SAN LUIS POTOSÍ-RIOVERDE"
226,"SAN LUIS POTOSÍ-RIOVERDE"
227,"SAN LUIS POTOSÍ-RIOVERDE"
228,"SAN LUIS POTOSÍ-RIOVERDE"
229,"SAN LUIS POTOSÍ-RIOVERDE"
230,"SAN LUIS POTOSÍ-RIOVERDE"
231,"SAN LUIS POTOSÍ-RIOVERDE"
232,"SAN LUIS POTOSÍ-RIOVERDE"
233,"SAN LUIS POTOSÍ-RIOVERDE"
234,"SAN LUIS POTOSÍ-RIOVERDE"
235,"SAN LUIS POTOSÍ-RIOVERDE"
236,"SAN LUIS POTOSÍ-RIOVERDE"
237,"SAN LUIS POTOSÍ-RIOVERDE"
238,"libramiento cd. Valles-tamuin"
239,"ent. La calera-ent. San juan"
240,"ent. La pitahaya-ent. La calera"
241,"Mexico-santa fe"
242,"MÉXICO-LA MARQUESA"
243,"Mexico-contadero"
244,"Mexico-la venta"
245,"Contadero-la marquesa"
246,"la venta-la marquesa"
247,"LA MARQUESA-LERMA"
248,"TENANGO - IXTAPAN"
249,"TENANGO - IXTAPAN"
250,"TENANGO - IXTAPAN"
251,"TENANGO - IXTAPAN"
252,"LERMA-SANTIAGO"
253,"LERMA-SANTIAGO"
254,"LERMA-SANTIAGO"
255,"LERMA-SANTIAGO"
256,"Lerma-atlacomulco"
257,"Xonacatlan-atlacomulco"
258,"Lerma-xonacatlan"
259,"TOLUCA-ZITACUARO RAMAL A VALLE DE BRA"
260,"TOLUCA-ZITACUARO RAMAL A VALLE DE BRA"
261,"TOLUCA-ZITACUARO RAMAL A VALLE DE BRA"
262,"TOLUCA-ZITACUARO RAMAL A VALLE DE BRA"
263,"TOLUCA-ZITACUARO RAMAL A VALLE DE BRA"
264,"TOLUCA-ZITACUARO RAMAL A VALLE DE BRA"
265,"TOLUCA-ZITACUARO RAMAL A VALLE DE BRA"
266,"TOLUCA-ZITACUARO RAMAL A VALLE DE BRA"
267,"ZITACUARO-LENGUA DE VACA"
268,"TOLUCA-ATLACOMULCO"
269,"TOLUCA-ATLACOMULCO"
270,"Atlacomulco-venta de bravo"
271,"venta de bravo-maravatio"
272,"Maravatio-morelia"
273,"Zinapecuaro-morelia"
274,"Maravatio-zinapecuaro"
275,"Maravatio-jerahuaro"
276,"Morelia-copandaro"
277,"Morelia-churintzio"
278,"Morelia-panindicuaro"
279,"Morelia-huaniqueo"
280,"Panindicuaro-churintzio"
281,"Churintzio-la barca"
282,"MARAVATIO-ZAPOTLANEJO"
283,"vista hermosa-la barca"
284,"Churintzio-ecuandureo"
285,"MARAVATIO-ZAPOTLANEJO"
286,"MARAVATIO-ZAPOTLANEJO"
287,"MARAVATIO-ZAPOTLANEJO"
288,"MARAVATIO-ZAPOTLANEJO"
289,"la barca-zapotlanejo"
290,"MARAVATIO-ZAPOTLANEJO"
291,"MARAVATIO-ZAPOTLANEJO"
292,"Ocotlan-zapotlanejo"
293,"MARAVATIO-ZAPOTLANEJO"
294,"MARAVATIO-ZAPOTLANEJO"
295,"zapotlanejo del rey-zapotlanejo"
296,"la barca-ocotlan"
297,"MARAVATIO-ZAPOTLANEJO"
298,"ECUANDUREO-LA BARCA"
299,"PUENTE NACIONAL LA PIEDAD"
300,"laguna larga-patti II"
301,"Calera-patti II"
302,"laguna larga-calera"
303,"MORELIA-AEROPUERTO"
304,"MORELIA-AEROPUERTO"
305,"Morelia-copandaro (capula-patzcuaro)"
306,"Quiroga-patzcuaro (patzcuaro-copandro)"
307,"PATZCUARO-URUAPAN"
308,"Zirahuen-uruapan"
309,"Zurumucapio-uruapan"
310,"ent. Zirimicuaro-ent. Cajones"
311,"Taretan-ent. Cajones"
312,"ent. Zirimicuaro-taretan"
313,"ent. Cajones-ent. Cuatro caminos"
314,"ent. Santa casilda-ent. Cuatro caminos"
315,"ent. Cajones-ent. Santa casilda"
316,"ent. Nueva italia-ent. Las cañas"
317,"ent. Las cañas-lazaro cardenas"
318,"ent. Las cañas-ent. Feliciano"
319,"ent. Feliciano-lazaro cardenas"
320,"MÉXICO-CUERNAVACA"
321,"tres marias-cuernavaca"
322,"La Pera A - Tepoztlán A"
323,"Cuautla-la pera"
324,"La Pera A - Oaxtepec A"
325,"Cuautla B - Tepoztlán B"
326,"La Pera A - Oacalco A"
327,"Oaxtepec B - Tepoztlán B"
328,"Oacalco B - Tepoztlán B"
329,"Tepoztlán B - La Pera B"
330,"Tepoztlán A - Oacalco A"
331,"Oacalco A - Cuautla A"
332,"Oacalco A - Oaxtepec A"
333,"Oacalco B - La Pera B"
334,"la pera-cuautla"
335,"Oaxtepec B - La Pera B"
336,"Tepoztlán A - Cuautla A"
337,"Tepoztlán A - Oaxtepec A"
338,"Cuautla B - Oacalco B"
339,"Oaxtepec B - Oacalco B"
340,"Cuernavaca-central de abastos"
341,"Cuernavaca-aeropuerto"
342,"Cuernavaca-xochitepec"
343,"Cuernavaca-puente de ixtla"
344,"Cuernavaca-alpuyeca"
345,"puente de ixtla-chilpancingo"
346,"paso morelos-chilpancingo"
347,"puente de ixtla-paso morelos"
348,"Chilpancingo-tierra colorada"
349,"tierra colorada-acapulco"
350,"LIBRAMIENTO PONIENTE DE ACAPULCO"
351,"ZACAPALCO-RANCHO VIEJO"
352,"RANCHO VIEJO-TAXCO"
353,"PUENTE DE IXTLA-IGUALA"
354,"MAXITUNEL ACAPULCO"
355,"MACROTUNEL ACAPULCO"
356,"LIBRAMIENTO TECPAN"
357,"ZAPOTLANEJO-GUADALAJARA"
358,"ZAPOTLANEJO-GUADALAJARA"
359,"ZAPOTLANEJO-GUADALAJARA"
360,"ZAPOTLANEJO-GUADALAJARA"
361,"ZAPOTLANEJO-GUADALAJARA"
362,"ZAPOTLANEJO-GUADALAJARA"
363,"Guadalajara-zapotlanejo"
364,"ZAPOTLANEJO-GUADALAJARA"
365,"el vado-guadalajara"
366,"Cortijo-guadalajara"
367,"Periferico-guadalajara"
368,"arroyo de enmedio-guadalajara"
369,"Ent. Zapotlanejo-Guadalajara a Chapala (LA LAJA)"
370,"Aut México-Guadalajara a Zapotlanejo (Remota La Laja)"
371,"Chapala - Santa Cecilia"
372,"Santa Cecilia (TRAMO SANTA CECILIA-MAGDALENA) "
373,"LIBRAMIENTO SUR DE GUADALAJARA"
374,"LIBRAMIENTO SUR DE GUADALAJARA"
375,"Acatlan-atoyac"
376,"Atoyac-cd. Guzman"
377,"Sayula-cd. Guzman"
378,"cd. guzman-el trapiche"
379,"ARMERÍA-MANZANILLO"
380,"ent. Ameca-magdalena"
381,"Tequila-magdalena"
382,"ixtlan del rio-santa maria del oro"
383,"Jala-tepic"
384,"santa maria del oro-tepic"
385,"Jala-santa maría del oro"
386,"LIBRAMIENTO TEPIC"
387,"TEPIC-SAN BLAS"
388,"Tepic-mecatan"
389,"CHAPALILLA-COMPOSTELA"
390,"Jala-las varas"
391,"JALA-COMPOSTELA"
392,"JALA-COMPOSTELA"
393,"Compostela-las varas"
394,"TEPIC-MAZATLÁN"
395,"Tepic-ent. San blas"
396,"ent. San blas-estacion yago"
397,"Ent. san blas-rosamorada"
398,"estacion yago-ruiz"
399,"Rosamorada-escuinapa"
400,"Rosamorada-acaponeta"
401,"Escuinapa-villa union"
402,"Escuinapa-rosario"
403,"LIBRAMIENTO MAZATLÁN"
404,"Mazatlan-aeropuerto"
405,"Vainillo-aeropuerto"
406,"MAZATLÁN-CULIACAN"
407,"MAZATLÁN-CULIACAN"
408,"MAZATLÁN-CULIACAN"
409,"ent. La cruz-quila"
410,"Quila-costa rica"
411,"LIBRAMIENTO CULIACAN"
412,"PUENTE NACIONAL CULIACAN"
413,"PUENTE NACIONAL SINALOA"
414,"LIBRAMIENTO CIUDAD OBREGON"
415,"LIBRAMIENTO CIUDAD OBREGON"
416,"estacion don-navojoa"
417,"Navojoa-cd. Obregon"
418,"cd. obregon-guaymas"
419,"libramiento guaymas"
420,"Hermosillo-magdalena de kino"
421,"libramiento de magdalena de kino"
422,"LIBRAMIENTO HERMOSILLO"
423,"LIBRAMIENTO HERMOSILLO"
424,"LIBRAMIENTO HERMOSILLO"
425,"santa lucia-villa union"
426,"santa lucia-concordia"
427,"Concordia-villa union"
428,"Piloncillo-santa lucia"
429,"ent. Otinapa-piloncillo"
430,"libramiento de durango-ent. Otinapa"
431,"Durango-guadalupe victoria"
432,"guadalupe victoria-yerbanis"
433,"Yerbanis-pedriceña"
434,"Yerbanis-cuencame"
435,"Cuencame-pedriceña"
436,"Pedriceña-gomez palacio"
437,"Pedriceña-leon guzman"
438,"leon guzman-gomez palacio"
439,"LIBRAMIENTO NORTE DE LA LAGUNA"
440,"san pedro-matamoros"
441,"Vergel-san pedro"
442,"Matamoros-la cuchilla"
443,"loma bonita-puebla"
444,"gomez palacio-estacion banderas"
445,"estacion banderas-corralitos"
446,"Sacramento-aldama"
447,"Aldama-jimenez"
448,"Zacatecas-monclova"
449,"Zacatecas-torreon"
450,"Torreon-monclova"
451,"Monclova-ojo caliente 2"
452,"Monclova-ojo caliente 1"
453,"ojo caliente 1-ojo caliente 2"
454,"ojo caliente 2-morones prieto"
455,"ojo caliente 2-periferico"
456,"Periferico-morones prieto"
457,"el jonuco-periferico"
458,"el jonuco-morones prieto"
459,"LIBRAMIENTO ORIENTE DE SALTILLO"
460,"puerto mexico-ent. La carbonera"
461,"puerto mexico-huachichil"
462,"LIBRAMIENTO MATEHUALA"
463,"PERIFÉRICO DEL ÁREA METROPOLITANA DE Monterrey"
464,"PERIFÉRICO DEL ÁREA METROPOLITANA DE Monterrey"
465,"PERIFÉRICO DEL ÁREA METROPOLITANA DE Monterrey"
466,"PERIFÉRICO DEL ÁREA METROPOLITANA DE Monterrey"
467,"PERIFÉRICO DEL ÁREA METROPOLITANA DE Monterrey"
468,"PERIFÉRICO DEL ÁREA METROPOLITANA DE Monterrey"
469,"PERIFÉRICO DEL ÁREA METROPOLITANA DE Monterrey"
470,"PERIFÉRICO DEL ÁREA METROPOLITANA DE Monterrey"
471,"PERIFÉRICO DEL ÁREA METROPOLITANA DE Monterrey"
472,"PERIFÉRICO DEL ÁREA METROPOLITANA DE Monterrey"
473,"MONTERREY-CADEREYTA"
474,"MONTERREY-CADEREYTA"
475,"MONTERREY-CADEREYTA"
476,"PUENTE CADEREYTA"
477,"AGUJITA-ALLENDE"
478,"PUENTE ACUÑA"
479,"Monterrey-la gloria"
480,"Monterrey-agua leguas"
481,"Monterrey-sabinas"
482,"Sabinas-la gloria"
483,"MONTERREY-NUEVO LAREDO (LA GLORIA-SAN"
484,"agua leguas-paras"
485,"agua leguas-sabinas"
486,"Cadereyta-la sierrita"
487,"general bravo-la sierrita"
488,"los herrera-la sierrita"
489,"Cadereyta-los herreras"
490,"los ramones-la sierrita"
491,"Cadereyta-los ramones"
492,"Cadereyta-general bravo"
493,"los herrera-general bravo"
494,"los ramones-los herrera"
495,"los ramones-general bravo"
496,"ent. Caderayta-reynosa-ent. San fernando"
497,"ent. San fernando- ent. p.i reynosa-pharr"
498,"ent. San fernando- ent. Anzalduas"
500,"PTE. INTERNACIONAL NUEVO AMANECER"
501,"PUENTE INTERNACIONAL LOS TOMATES"
502,"REYNOSA-MATAMOROS"
503,"Reynosa-nuevo progreso"
504,"nuevo progreso-matamoros"
505,"PUENTE JUAREZ LINCOLN"
506,"PUENTE MIGUEL ALEMAN"
507,"PUENTE SAN JUAN"
508,"PUENTE CAMARGO"
509,"PUENTE REYNOSA"
510,"PUENTE LAS FLORES"
511,"PUENTE INTERNACIONAL OJINAGA"
512,"PUENTE MATAMOROS"
513,"PUENTE PIEDRAS NEGRAS"
514,"puente piedras negras II"
515,"LIBRAMIENTO MEXICALI"
516,"entronque cuernavaca-entronque san felipe"
519,"el hongo-tecate"
518,"LA RUMOROSA-TECATE"
517,"Rumorosa-el hongo"
520,"la mision-rosarito"
521,"Rosarito-tijuana"
522,"la mision-corredor 2000"
523,"Ensenada-la mision"
524,"ATLACOMULCO - SN MARTIN TEXMELUCAN"
525,"ATLACOMULCO - SANCTORUM"
526,"ATLACOMULCO - CALPULALPAN"
527,"ATLACOMULCO - SAHAGUN"
528,"ATLACOMULCO - TULANCINGO"
529,"ATLACOMULCO - PACHUCA"
530,"ATLACOMULCO - AJOLOAPAN"
531,"ATLACOMULCO - APAXCO"
532,"ATLACOMULCO - ATITALAQUIA"
533,"ATLACOMULCO - TULA I"
534,"ATLACOMULCO - TULA II"
535,"ATLACOMULCO - QUERETARO"
536,"ATLACOMULCO - JILOTEPEC"
537,"ATLACOMULCO - ACAMBAY"
538,"ACAMBAY - SN MARTIN TEXMELUCAN"
539,"ACAMBAY - SANCTORUM"
540,"ACAMBAY - CALPULALPAN"
541,"ACAMBAY - SAHAGUN"
542,"ACAMBAY - TULANCINGO"
543,"ACAMBAY - PACHUCA"
544,"ACAMBAY - AJOLOAPAN"
545,"ACAMBAY - APAXCO"
546,"ACAMBAY - ATITALAQUIA"
547,"ACAMBAY - TULA I"
548,"ACAMBAY - TULA II"
549,"ACAMBAY - QUERETARO"
550,"ACAMBAY - JILOTEPEC"
551,"ACAMBAY - ATLACOMULCO"
552,"JILOTEPEC - SN MARTIN TEXMELUCAN"
553,"JILOTEPEC - SANCTORUM"
554,"JILOTEPEC - CALPULALPAN"
555,"JILOTEPEC - SAHAGUN"
556,"JILOTEPEC - TULANCINGO"
557,"JILOTEPEC - PACHUCA"
558,"JILOTEPEC - AJOLOAPAN"
559,"JILOTEPEC - APAXCO"
560,"JILOTEPEC - ATITALAQUIA"
561,"JILOTEPEC - ATLACOMULCO"
562,"JILOTEPEC - TULA I"
563,"JILOTEPEC - ACAMBAY"
564,"JILOTEPEC - TULA II"
565,"JILOTEPEC - QUERETARO"
566,"LIVERPOOL -SIN ENTRADA"
567,"LIVERPOOL - ATLACOMULCO"
568,"LIVERPOOL - ACAMBAY"
569,"QUERETARO - SN MARTIN TEXMELUCAN"
570,"QUERETARO - SANCTORUM"
571,"QUERETARO - CALPULALPAN"
572,"QUERETARO - SAHAGUN"
573,"QUERETARO - TULANCINGO"
574,"QUERETARO - PACHUCA"
575,"QUERETARO - AJOLOAPAN"
576,"QUERETARO - ATLACOMULCO"
577,"AUT(MEXICO - QUERETARO) - APAXCO"
578,"QUERETARO - ACAMBAY"
579,"QUERETARO - ATITALAQUIA"
580,"QUERETARO - TULA I"
581,"QUERETARO - TULA II"
582,"QUERETARO - JILOTEPEC"
583,"QUERETARO - LIVERPOOL"
584,"TULA II - SN MARTIN TEXMELUCAN"
585,"TULA II - SANCTORUM"
586,"TULA II - CALPULALPAN"
587,"TULA II - SAHAGUN"
588,"TULA II - TULANCINGO"
589,"TULA II - ATLACOMULCO"
590,"TULA II - ACAMBAY"
591,"TULA II - PACHUCA"
592,"TULA II - AJOLOAPAN"
593,"TULA II - APAXCO"
594,"TULA II - JILOTEPEC"
595,"TULA II - LIVERPOOL"
596,"TULA II - ATITALAQUIA"
597,"TULA II - QUERETARO"
598,"TULA II - TULA I"
599,"TULA I - SN MARTIN TEXMELUCAN"
600,"TULA I - SANCTORUM"
601,"TULA I - CALPULALPAN"
602,"TULA I - ATLACOMULCO"
603,"TULA I - SAHAGUN"
604,"TULA I - ACAMBAY"
605,"TULA I - TULANCINGO"
606,"TULA I - PACHUCA"
607,"TULA I - JILOTEPEC"
608,"TULA I - LIVERPOOL"
609,"TULA I - QUERETARO"
610,"TULA I - AJOLOAPAN"
611,"TULA I - APAXCO"
612,"TULA I - TULA II"
613,"TULA I - ATITALAQUIA"
614,"ATITALAQUIA - SN MARTIN TEXMELUCAN"
615,"ATITALAQUIA - SANCTORUM"
616,"ATITALAQUIA - ATLACOMULCO"
617,"ATITALAQUIA - CALPULALPAN"
618,"ATITALAQUIA - ACAMBAY"
619,"ATITALAQUIA - SAHAGUN"
620,"ATITALAQUIA - TULANCINGO"
621,"ATITALAQUIA - JILOTEPEC"
622,"ATITALAQUIA - LIVERPOOL"
623,"ATITALAQUIA - QUERETARO"
624,"ATITALAQUIA - PACHUCA"
625,"ATITALAQUIA - TULA II"
626,"ATITALAQUIA - AJOLOAPAN"
627,"ATITALAQUIA - APAXCO"
628,"ATITALAQUIA - TULA I"
629,"AJOLOAPAN - SN MARTIN TEXMELUCAN"
630,"AJOLOAPAN - ATLACOMULCO"
631,"AJOLOAPAN - SANCTORUM"
632,"AJOLOAPAN - ACAMBAY"
633,"AJOLOAPAN - CALPULALPAN"
634,"AJOLOAPAN - SAHAGUN"
635,"AJOLOAPAN - JILOTEPEC"
636,"AJOLOAPAN - LIVERPOOL"
637,"AJOLOAPAN - QUERETARO"
638,"AJOLOAPAN - TULANCINGO"
639,"AJOLOAPAN - TULA II"
640,"AJOLOAPAN - PACHUCA"
641,"AJOLOAPAN - TULA I"
642,"AJOLOAPAN - ATITALAQUIA"
643,"AJOLOAPAN - APAXCO"
644,"PACHUCA - ATLACOMULCO"
645,"PACHUCA - SN MARTIN TEXMELUCAN"
646,"PACHUCA - ACAMBAY"
647,"PACHUCA - JILOTEPEC"
648,"PACHUCA - LIVERPOOL"
649,"PACHUCA - QUERETARO"
650,"PACHUCA - SANCTORUM"
651,"PACHUCA - TULA II"
652,"PACHUCA - CALPULALPAN"
653,"PACHUCA - TULA I"
654,"PACHUCA - SAHAGUN"
655,"PACHUCA - ATITALAQUIA"
656,"PACHUCA- APAXCO"
657,"PACHUCA - AJOLOAPAN"
658,"PACHUCA - TULANCINGO"
659,"TULANCINGO-ATLACOMULCO"
660,"TULANCINGO - ACAMBAY"
661,"TULANCINGO - JILOTEPEC"
662,"TULANCINGO - LIVERPOOL"
663,"TULANCINGO - QUERETARO"
664,"TULANCINGO - SN MARTIN TEXMELUCAN"
665,"TULANCINGO - TULA II"
666,"TULANCINGO - TULA I"
667,"TULANCINGO - ATITALAQUIA"
668,"TULANCINGO - APAXCO"
669,"TULANCINGO - SANCTORUM"
670,"TULANCINGO - AJOLOAPAN"
671,"TULANCINGO - CALPULALPAN"
672,"TULANCINGO - PACHUCA"
673,"TULANCINGO - SAHAGUN"
674,"SAHAGUN - ATLACOMULCO"
675,"SAHAGUN - ACAMBAY"
676,"SAHAGUN - JILOTEPEC"
677,"SAHAGUN - LIVERPOOL"
678,"SAHAGUN - QUERETARO"
679,"SAHAGUN - TULA II"
680,"SAHAGUN - TULA I"
681,"SAHAGUN - SN MARTIN TEXMELUCAN"
682,"SAHAGUN - ATITALAQUIA"
683,"SAHAGUN - APAXCO"
684,"SAHAGUN - AJOLOAPAN"
685,"SAHAGUN - PACHUCA"
686,"SAHAGUN - SANCTORUM"
687,"SAHAGUN - CALPULALPAN"
688,"SAHAGUN - TULANCINGO"
689,"CALPULALPAN-ATLACOMULCO"
690,"CALPULALPAN - ACAMBAY"
691,"CALPULALPAN - JILOTEPEC"
692,"CALPULALPAN - LIVERPOOL"
693,"CALPULALPAN - QUERETARO"
694,"CALPULALPAN - TULA II"
695,"CALPULALPAN - TULA I"
696,"CALPULALPAN - ATITALAQUIA"
697,"CALPULALPAN - APAXCO"
698,"CALPULALPAN - AJOLOAPAN"
699,"CALPULALPAN - SN MARTIN TEXMELUCAN"
700,"CALPULALPAN - PACHUCA"
701,"CALPULALPAN - TULANCINGO"
702,"CALPULALPAN - SANCTORUM"
703,"CALPULALPAN - SAHAGUN"
704,"SANCTORUM - ATLACOMULCO"
705,"SANCTORUM - ACAMBAY"
706,"SANCTORUM - JILOTEPEC"
707,"SANCTORUM - LIVERPOOL"
708,"SANCTORUM - QUERETARO"
709,"SANCTORUM - TULA II"
710,"SANCTORUM - TULA I"
711,"SANCTORUM - ATITALAQUIA"
712,"SANCTORUM - APAXCO"
713,"SANCTORUM - AJOLOAPAN"
714,"SANCTORUM - PACHUCA"
715,"SANCTORUM - TULANCINGO"
716,"SANCTORUM - SN MARTIN TEXMELUCAN"
717,"SANCTORUM - SAHAGUN"
718,"SANCTORUM - CALPULALPAN"
719,"SN MARTIN TEXMELUCAN - ATLACOMULCO"
720,"SN MARTIN TEXMELUCAN - ACAMBAY"
721,"SN MARTIN TEXMELUCAN - JILOTEPEC"
722,"SN MARTIN TEXMELUCAN - LIVERPOOL"
723,"SN MARTIN TEXMELUCAN - QUERETARO"
724,"SN MARTIN TEXMELUCAN - TULA II"
725,"SN MARTIN TEXMELUCAN - TULA I"
726,"SN MARTIN TEXMELUCAN - ATITALAQUIA"
727,"SN MARTIN TEXMELUCAN - AJOLOAPAN"
728,"SAN MARTIN TEXMELUCAN - APAXCO"
729,"SN MARTIN TEXMELUCAN - PACHUCA"
730,"SN MARTIN TEXMELUCAN - TULANCINGO"
731,"SN MARTIN TEXMELUCAN - SAHAGUN"
732,"SN MARTIN TEXMELUCAN - CALPULALPAN"
733,"SN MARTIN TEXMELUCAN - SANCTORUM"
734,"SN MARTIN TEXMELUCAN (ABIERTO)"
735,"APAXCO - SAN MARTIN TEXMELUCAN"
736,"APAXCO - SANCTORUM"
737,"APAXCO - ATLACOMULCO"
738,"APAXCO - ACAMBAY"
739,"APAXCO - CALPULALPAN"
740,"APAXCO - SAHAGUN"
741,"APAXCO - TULANCINGO"
742,"APAXCO - JILOTEPEC"
743,"APAXCO - LIVERPOOL"
744,"APAXCO - AUT(MEXICO - QUERETARO)"
745,"APAXCO - AUT (MEXICO - PACHUCA)"
746,"APAXCO - TULA II"
747,"APAXCO - TULA I"
748,"APAXCO - AJOLOAPAN"
749,"APAXCO - ATITALAQUIA"
750,"TIJUANA-TECAT Y -LIB. DE TECATE"
751,"ENT.  PASO DEL AGUILA-TIJUANA"
752,"ENT. SANDOVAL - ENT. PASO DEL AGUILA"
753,"LIBRAMIENTO DE TECATE"
754,"PLANTA DART-VALLE REDONDO TIJUANA"
755,"ent. Esperanza-ent sandoval"
756,"CERRILLO - SAN NICOLAS"
757,"CERRILLO - AYOTUXCO"
758,"CERRILLO - CHAMAPA AUTOVAN"
759,"SAN NICOLAS - AYOTUXCO"
760,"SAN NICOLAS - CHAMAPA AUTOVAN"
761,"SAN NICOLAS - CERRILLO"
762,"AYOTUXCO - CHAMAPA AUTOVAN"
763,"AYOTUXCO - SAN NICOLAS"
764,"AYOTUXCO - CERRILLO"
765,"CHAMAPA AUTOVAN - AYOTUXCO"
766,"CHAMAPA AUTOVAN - SAN NICOLAS"
767,"CHAMAPA AUTOVAN - CERRILLO"
768,"AEROPUERTO LOS CABOS-SN. JOSE DEL CABO"
769,"AEROPUERTO LOS CABOS-CABO SAN LUCAS"
770,"SAN JOSE DEL CABO-CABO SAN LUCAS"
771,"SAN JOSE DEL CABO-EL MANGLE"
772,"CABO SAN LUCAS-EL MANGLE"
773,"SAN JOSÉ DEL CABO-CABO REAL"
774,"AEROPUERTO LOS CABOS-CABO REAL"
775,"AEROPUERTO LOS CABOS-EL MANGLE"
776,"EL MANGLE-CABO REAL"
777,"CABO REAL-CABO SAN LUCAS"
778,"AEROP. LOS CABOS RETORNO"
779,"EL MANGLE RETORNO"
780,"CABO SAN LUCAS RETORNO"
781,"SAN JOSE DEL CABO RETORNO"
782,"RAYÓN-VICENTE GUERRERO"
783,"VICENTE GUERRERO-LA PITAHAYA"
784,"VICENTE GUERRERO-TAMBACA"
785,"VICENTE GUERRERO-TAMASOPO"
786,"TAMASOPO-LA PITAHAYA"
787,"TAMASOPO-TAMBACA"
788,"TAMBACA-LA PITAHAYA"
789,"PERIFÉRICO - CUAUHTÉMOC"
790,"PERIFÉRICO - CARMEN SERDÁN"
791,"SANTA ANA - CUAUHTÉMOC"
792,"CUAUHTÉMOC - PERIFÉRICO"
793,"CUAUHTÉMOC - SANTA ANA"
794,"CUAUHTÉMOC - HERMANOS SERDÁN"
795,"HERMANOS SERDÁN - CUAUHTÉMOC"
796,"HERMANOS SERDÁN - CARMEN SERDÁN"
797,"CARMEN SERDÁN - PERIFÉRICO"
798,"CARMEN SERDÁN - HERMANOS SERDÁN"
799,"APASEO EL GRANDE - PALMILLAS"
800,"QUERÉTARO - PALMILLAS"
801,"APASEO EL ALTO - PALMILLAS"
802,"CORONEO-PALMILLAS"
803,"HUIMILPAN - PALMILLAS"
804,"AMEALCO - PALMILLAS"
805,"PALMILLAS - APASEO EL GRANDE"
806,"AMEALCO I - APASEO EL GRANDE"
807,"HUIMILPAN - APASEO EL GRANDE"
808,"CORONEO-APASEO EL GRANDE"
809,"APASEO EL ALTO - APASEO EL GRANDE"
810,"PALMILLAS - APASEO EL ALTO"
811,"AMEALCO I - APASEO EL ALTO"
812,"HUIMILPAN - APASEO EL ALTO"
813,"APASEO EL GRANDE - APASEO EL ALTO"
814,"CORONEO- APASEO EL ALTO"
815,"QUERETARO - APASEO EL ALTO"
816,"PALMILLAS - CORONEO"
817,"APASEO GDE - CORONEO"
818,"AMEALCO I - CORONEO"
819,"QUERÉTARO - CORONEO"
820,"APASEO EL ALTO - CORONEO"
821,"HUIMILPAN - CORONEO"
822,"APASEO EL GRANDE - HUIMILPAN"
823,"AMEALCO I - HUIMILPAN"
824,"QUERETARO - HUIMILPAN"
825,"PALMILLAS - HUIMILPAN"
826,"APASEO EL ALTO - HUIMILPAN"
827,"CORONEO-HUIMILPAN"
828,"APASEO EL GRANDE - AMEALCO I"
829,"QUERETARO - AMEALCO I"
830,"APASEO EL ALTO - AMEALCO I"
831,"CORONEO - AMEALCO"
832,"HUIMILPAN - AMEALCO I"
833,"PALMILLAS - AMEALCO I"
834,"MÉXICO PACHUCA-PUENTE DE VIGAS"
835,"PUENTE DE VIGAS- CIEN METROS"
836,"PUENTE DE VIGAS-CALZ. VALLEJO"
837,"MÉXICO PACHUCA-CEYLAN"
838,"CEYLAN-CIEN METROS"
839,"CALZ. VALLEJO-CIEN METROS"
840,"MÉXICO PACHUCA- CALZ. VALLEJO"
841,"CIEN METROS- MÉXICO PACHUCA"
842,"PUENTE DE VIGAS- MÉXICO PACHUCA"
843,"CEYLAN - MÉXICO PACHUCA"
844,"CALZADA VALLEJO-MÉXICO PACHUCA"
845,"MÉXICO PACHUCA-ENT. GRAN CANAL"
846,"Ent. Gran canal-Mexico-pachuca"
847,"ENT. INDIOS VERDES- ENT. GRAN CANAL"
848,"LOGISTIK - SAN FELIPE"
849,"LOGISTIK - SAN LUIS POTOSÍ"
850,"LOGISTIK - VILLA DE ARRIAGA"
851,"LOGISTIK - WTC"
852,"RAMAL CALDERON-SAN FELIPE"
853,"SAN FELIPE - LOGISTIK"
854,"SAN FELIPE - SAN LUIS POTOSÍ"
855,"SAN FELIPE - VILLA DE ARRIAGA"
856,"SAN FELIPE - WTC"
857,"SAN LUIS POTOSÍ - LOGISTIK"
858,"SAN LUIS POTOSÍ - SAN FELIPE"
859,"SAN LUIS POTOSÍ - VILLA DE ARRIAGA"
860,"SAN LUIS POTOSÍ - WTC"
861,"VILLA DE ARRIAGA - LOGISTIK"
862,"VILLA DE ARRIAGA - SAN FELIPE"
863,"VILLA DE ARRIAGA - SAN LUIS POTOSÍ"
864,"VILLA DE ARRIAGA - WTC"
865,"VILLA DE REYES - LOGISTIK"
866,"VILLA DE REYES - SAN LUIS POTOSÍ"
867,"WTC - LOGISTIK"
868,"WTC - SAN FELIPE"
869,"WTC - SAN LUIS POTOSÍ"
870,"WTC - VILLA DE ARRIAGA"
871,"KANTUNIL - VALLADOLID"
872,"VALLADOLID - KANTUNIL"
873,"KANTUNIL - PISTÉ"
874,"PISTÉ - KANTUNIL"
875,"PISTÉ - VALLADOLID"
876,"VALLADOLID - PISTÉ"
877,"COMP. PISTE-KANTUNIL"
878,"CANCÚN - VALLADOLID"
879,"VALLADOLID - CANCÚN"
880,"VALLADOLID - PLAYA DEL CARMEN"
881,"PLAYA DEL CARMEN - VALLADOLID"
882,"CANCÚN - PLAYA DEL CARMEN"
883,"PLAYA DEL CARMEN - CANCÚN"
884,"CEDRAL - VALLADOLID"
885,"VALLADOLID - CEDRAL"
886,"CEDRAL - CANCÚN"
887,"CANCÚN - CEDRAL"
888,"CEDRAL - PLAYA DEL CARMEN"
889,"PLAYA DEL CARMEN - CEDRAL"
890,"CEDRAL - TINTAL"
891,"LA VENTA - ATIZAPAN"
892,"INTERLOMAS - ATIZAPAN"
893,"BOSQUE REAL - ATIZAPAN"
894,"HUIXQUILUCAN - ATIZAPAN"
895,"CHAMAPA CAPUFE - ATIZAPAN"
896,"SAN MIGUEL - ATIZAPAN"
897,"LOMAS VERDES - ATIZAPAN"
898,"NOPALA - ATIZAPAN"
899,"CUAUTITLAN - ATIZAPAN"
900,"LAGO DE GUADALUPE - ATIZAPAN"
901,"MADIN - ATIZAPAN"
902,"LA VENTA - CUAUTITLAN"
903,"INTERLOMAS - CUAUTITLAN"
904,"SAN MIGUEL - CUAUTITLAN (RETORNO)"
905,"BOSQUE REAL - CUAUTITLAN"
906,"HUIXQUILUCAN - CUAUTITLAN"
907,"CHAMAPA CAPUFE - CUAUTITLAN"
908,"RETORNO CUAUTITLAN (Lecheria)"
909,"LOMAS VERDES - CUAUTITLAN"
910,"NOPALA - CUAUTITLAN"
911,"MADIN - CUAUTITLAN"
912,"ATIZAPAN - CUAUTITLAN"
913,"LAGO DE GUADALUPE - CUAUTITLAN"
914,"LA VENTA - LAGO DE GUADALUPE"
915,"INTERLOMAS - LAGO DE GUADALUPE"
916,"BOSQUE REAL - LAGO DE GUADALUPE"
917,"HUIXQUILUCAN - LAGO DE GUADALUPE"
918,"RETORNO LAGO DE GUADALUPE"
919,"CUAUTITLAN - LAGO DE GUADALUPE (RETORNO)"
920,"CHAMAPA CAPUFE - LAGO DE GUADALUPE"
921,"NOPALA - LAGO DE GUADALUPE"
922,"LOMAS VERDES - LAGO DE GUADALUPE"
923,"SAN MIGUEL - LAGO DE GUADALUPE"
924,"MADIN - LAGO DE GUADALUPE"
925,"ATIZAPAN - LAGO DE GUADALUPE"
926,"CUAUTITLAN - LAGO DE GUADALUPE"
927,"LA VENTA - SAN MIGUEL"
928,"INTERLOMAS - SAN MIGUEL"
929,"BOSQUE REAL - SAN MIGUEL"
930,"HUIXQUILUCAN - SAN MIGUEL"
931,"CHAMAPA CAPUFE - SAN MIGUEL"
932,"LOMAS VERDES - SAN MIGUEL"
933,"NOPALA - SAN MIGUEL"
934,"MADIN - SAN MIGUEL"
935,"ATIZAPAN - SAN MIGUEL"
936,"LAGO DE GUADALUPE - SAN MIGUEL"
937,"CUAUTITLAN - SAN MIGUEL"
938,"LA VENTA - MADIN"
939,"INTERLOMAS - MADIN"
940,"BOSQUE REAL - MADIN"
941,"HUIXQUILUCAN - MADIN"
942,"SAN MIGUEL - MADIN"
943,"CHAMAPA CAPUFE - MADIN"
944,"CUAUTITLAN - MADIN"
945,"LAGO DE GUADALUPE - MADIN"
946,"NOPALA - MADIN"
947,"LOMAS VERDES - MADIN"
948,"ATIZAPAN - MADIN"
949,"LA VENTA - LOMAS VERDES"
950,"INTERLOMAS - LOMAS VERDES"
951,"SAN MIGUEL - LOMAS VERDES"
952,"BOSQUE REAL - LOMAS VERDES"
953,"HUIXQUILUCAN - LOMAS VERDES"
954,"CUAUTITLAN - LOMAS VERDES"
955,"LAGO DE GUADALUPE - LOMAS VERDES"
956,"CHAMAPA CAPUFE - LOMAS VERDES"
957,"ATIZAPAN - LOMAS VERDES"
958,"NOPALA - LOMAS VERDES"
959,"MADIN - LOMAS VERDES"
960,"LA VENTA - NOPALA"
961,"SAN MIGUEL - NOPALA"
962,"INTERLOMAS - NOPALA"
963,"CUAUTITLAN - NOPALA"
964,"LAGO DE GUADALUPE - NOPALA"
965,"BOSQUE REAL - NOPALA"
966,"HUIXQUILUCAN - NOPALA"
967,"ATIZAPAN - NOPALA"
968,"LOMAS VERDES - NOPALA"
969,"MADIN - NOPALA"
970,"CHAMAPA CAPUFE - NOPALA"
971,"SAN MIGUEL - CIPRESES"
972,"CUAUTITLAN - CIPRESES"
973,"LAGO DE GUADALUPE - CIPRESES"
974,"ATIZAPAN - CIPRESES"
975,"LOMAS VERDES - CIPRESES"
976,"MADIN - CIPRESES"
977,"NOPALA - CIPRESES"
978,"SAN MIGUEL - CHAMAPA CAPUFE"
979,"CUAUTITLAN - CHAMAPA CAPUFE"
980,"LAGO DE GUADALUPE - CHAMAPA CAPUFE"
981,"ATIZAPAN - CHAMAPA CAPUFE"
982,"LOMAS VERDES - CHAMAPA CAPUFE"
983,"MADIN - CHAMAPA CAPUFE"
984,"NOPALA - CHAMAPA CAPUFE"
985,"CIPRESES - CHAMAPA CAPUFE"
986,"LA VENTA - CHAMAPA INBURSA"
987,"INTERLOMAS - CHAMAPA INBURSA"
988,"BOSQUE REAL - CHAMAPA INBURSA"
989,"HUIXQUILUCAN - CHAMAPA INBURSA"
990,"SAN MIGUEL - BOSQUE REAL"
991,"CUAUTITLAN - BOSQUE REAL"
992,"LAGO DE GUADALUPE - BOSQUE REAL"
993,"LA VENTA - BOSQUE REAL"
994,"ATIZAPAN - BOSQUE REAL"
995,"LOMAS VERDES - BOSQUE REAL"
996,"MADIN - BOSQUE REAL"
997,"NOPALA - BOSQUE REAL"
998,"CIPRESES - BOSQUE REAL"
999,"CHAMAPA INBURSA - BOSQUE REAL"
1000,"INTERLOMAS - BOSQUE REAL"
1001,"SAN MIGUEL - HUIXQUILUCAN"
1002,"CUAUTITLAN - HUIXQUILUCAN"
1003,"LAGO DE GUADALUPE - HUIXQUILUCAN"
1004,"LA VENTA - HUIXQUILUCAN"
1005,"ATIZAPAN - HUIXQUILUCAN"
1006,"LOMAS VERDES - HUIXQUILUCAN"
1007,"MADIN - HUIXQUILUCAN"
1008,"NOPALA - HUIXQUILUCAN"
1009,"CIPRESES - HUIXQUILUCAN"
1010,"CHAMAPA INBURSA - HUIXQUILUCAN"
1011,"INTERLOMAS - HUIXQUILUCAN"
1012,"SAN MIGUEL - INTERLOMAS"
1013,"CUAUTITLAN - INTERLOMAS"
1014,"LAGO DE GUADALUPE - INTERLOMAS"
1015,"ATIZAPAN - INTERLOMAS"
1016,"LOMAS VERDES - INTERLOMAS"
1017,"MADIN - INTERLOMAS"
1018,"NOPALA - INTERLOMAS"
1019,"CIPRESES - INTERLOMAS"
1020,"LA VENTA - INTERLOMAS"
1021,"CHAMAPA INBURSA - INTERLOMAS"
1022,"BOSQUE REAL - INTERLOMAS"
1023,"HUIXQUILUCAN - INTERLOMAS"
1024,"SAN MIGUEL - LA VENTA"
1025,"CUAUTITLAN - LA VENTA"
1026,"LAGO DE GUADALUPE - LA VENTA"
1027,"ATIZAPAN - LA VENTA"
1028,"LOMAS VERDES - LA VENTA"
1029,"MADIN - LA VENTA"
1030,"NOPALA - LA VENTA"
1031,"CIPRESES - LA VENTA"
1032,"CHAMAPA INBURSA - LA VENTA"
1033,"BOSQUE REAL - LA VENTA"
1034,"HUIXQUILUCAN - LA VENTA"
1035,"INTERLOMAS - LA VENTA"
1036,"ENT. CAPOMO - ENT. PEÑITA - AEROPUERTO + RAMAL"
1037,"RAMAL 692 + ENT. PEÑITA - ENT. AEROPUERTO"
1038,"ENT. CAPOMO - ENT. PEÑITA - BUCERIAS"
1039,"RAMAL 692  + ENT. PEÑITA - BUCERIAS"
1040,"ENT. CAPOMO - ENT. PEÑITA -FLORIDA"
1041,"ENT. CAPOMO - ENT. PEÑITA -FLORIDA"
1042,"RAMAL 692 + ENT. PEÑITA - FLORIDA"
1043,"ENT. CAPOMO - ENT. PEÑITA+RAMAL 692"
1044,"ENT. PEÑITA+RAMAL 692 - ENT. CAPOMO"
1045,"RAMAL + ENT AEROPUERTO - ENT. PEÑITA - CAPOMO"
1046,"RAMAL + ENT AEROPUERTO - ENT. PEÑITA+RAMAL 692"
1047,"RAMAL + ENT AEROPUERTO - FLORIDA"
1048,"RAMAL + ENT AEROPUERTO - BUCERIAS"
1049,"FLORIDA - ENT. AEROPUERTO + RAMAL"
1050,"FLORIDA - BUCERIAS"
1051,"FLORIDA -  ENT. PEÑITA - CAPOMO"
1052,"FLORIDA - ENT. PEÑITA + RAMAL 692"
1053,"FLORIDA - ENT. PEÑITA + RAMAL 692"
1054,"BUCERIAS - ENT. PEÑITA + CAPOMO"
1055,"BUCERIAS - ENT. PEÑITA + RAMAL 692"
1056,"BUCERIAS - FLORIDA"
1057,"BUCERIAS - ENT. AEROPUERTO + RAMAL"
1058,"COPANDARO- CUITZEO"
1059,"COPANDARO-LA CINTA"
1060,"URIANGATO- COPANDARO"
1061,"VALLE DE SANTIAGO- COPANDARO"
1062,"VALTIERRILLA- COPANDARO"
1063,"URIANGATO-LA CINTA"
1064,"VALLE DE SANTIAGO-LA CINTA"
1065,"VALTIERRILLA-LA CINTA"
1066,"COPANDARO- URIANGATO"
1067,"LA CINTA-URIANGATO"
1068,"VALLE DE SANTIAGO- URIANGATO"
1069,"VALTIERRILLA- URIANGATO"
1070,"COPANDARO-VALLE DE SANTIAGO"
1071,"LA CINTA-VALLE DE SANTIAGO"
1072,"URIANGATO-VALLE DE SANTIAGO"
1073,"VALTIERRILLA-VALLE DE SANTIAGO"
1074,"COPANDARO- VALTIERRILLA"
1075,"LA CINTA- VALTIERRILLA"
1076,"URIANGATO- VALTIERRILLA"
1077,"VALLE DE SANTIAGO- VALTIERRILLA"
1078,"Valtierrilla-ent. Cerro gordo"
1079,"SAN JERÓNIMO - PICACHO"
1080,"SAN JERÓNIMO - STA. TERESA"
1081,"SAN JERÓNIMO - ESTADIO AZTECA"
1082,"SAN JERÓNIMO - VIADUCTO TLALPAN"
1083,"SAN JERÓNIMO - TEPEPAN"
1084,"SAN JERÓNIMO - ENTRADA SUPERVIA PTE."
1085,"SAN JERÓNIMO - CAMINERO"
1086,"SAN JERÓNIMO - CAMINERO BIS (INTERCONEXIÓN VET)"
1087,"BLVD DE LA LUZ - PICACHO"
1088,"BLVD. DE LA LUZ  - STA. TERESA"
1089,"BLVD. DE LA LUZ  - ESTADIO AZTECA"
1090,"BLVD. DE LA LUZ  - VIADUCTO TLALPAN"
1091,"BLVD. DE LA LUZ - TEPEPAN"
1092,"BLVD. DE LA LUZ  - ENTRADA SUPERVIA PTE."
1093,"BLVD. DE LA LUZ  - CAMINERO"
1094,"BLVD. DE LA LUZ  - CAMINERO BIS (INTERCONEXIÓN VET)"
1095,"L. CABRERA - PICACHO"
1096,"L. CABRERA - STA. TERESA"
1097,"L. CABRERA - ESTADIO AZTECA"
1098,"L. CABRERA - VIADUCTO TLALPAN"
1099,"L. CABRERA - TEPEPAN"
1100,"L. CABRERA - CAMINERO"
1101,"L. CABRERA - CAMINERO BIS (INTERCONEXIÓN VET)"
1102,"CUICUILCO - ESTADIO AZTECA"
1103,"CUICUILCO - VIADUCTO TLALPAN"
1104,"CUICUILCO - TEPEPAN"
1105,"CUICUILCO - CAMINERO"
1106,"CUICUILCO - CAMINERO BIS (INTERCONEXIÓN VET)"
1107,"TEPEPAN - PEDREGAL DEL SUR"
1108,"TEPEPAN - LUIS CABRERA"
1109,"TEPEPAN - BLVD. DE LA LUZ"
1110,"TEPEPAN - SAN JERÓNIMO"
1111,"VIADUCTO TLALPAN - PEDREGAL DEL SUR"
1112,"VIADUCTO TLALPAN - LUIS CABRERA"
1113,"VIADUCTO TLALPAN - BLVD. DE LA LUZ"
1114,"VIADUCTO TLALPAN - SAN JERÓNIMO"
1115,"CAMINERO - PEDREGAL DEL SUR"
1116,"CAMINERO - LUIS CABRERA"
1117,"CAMINERO  - BLVD. DE LA LUZ"
1118,"CAMINERO - SAN JERÓNIMO"
1119,"ESTADIO AZTECA - PEDREGAL DEL SUR"
1120,"ESTADIO AZTECA - LUIS CABRERA"
1121,"ESTADIO AZTECA - BLVD. DE LA LUZ"
1122,"ESTADIO AZTECA - SAN JERÓNIMO"
1123,"MONTAÑA - LUIS CABRERA"
1124,"MONTAÑA - BLVD. DE LA LUZ"
1125,"MONTAÑA - SAN JERÓNIMO"
1126,"P. PEDREGAL - LUIS CABRERA"
1127,"P. PEDREGAL - BLVD. DE LA LUZ"
1128,"P. PEDREGAL - SAN JERÓNIMO"
1129,"CAMINERO BIS (INTERCONEXIÓN VET) - SAN JERÓNIMO"
1130,"CAMINERO BIS (INTERCONEXIÓN VET) - BLVD DE LA LUZ"
1131,"CAMINERO BIS (INTERCONEXIÓN VET)- LUIS CABRERA"
1132,"CAMINERO BIS (INTERCONEXIÓN VET) - PEDREGAL DEL S."
1133,"AUSUR BANOBRAS (VIADUCTO ELEVADO DE TLALPAN)"
1134,"POETAS -AGUILAS"
1135,"POETAS -TORRES"
1136,"POETAS LUIS CABRERA"
1137,"POETAS-VELC"
1138,"CENTENARIO-AGUILAS"
1139,"CENTENARIO-LAS TORRES"
1140,"CENTENARIO- LUIS CABRERA"
1141,"CENTENARIO-VELC"
1142,"AGUILAS SUR-TORRES"
1143,"AGUILAS SUR-LUIS CABRERA"
1144,"AGUILAS SUR-VELC"
1145,"TORRES SUR-LUIS CABRERA"
1146,"TORRES SUR-VELC"
1147,"VIADUCTO ELEVADO LUIS CABRERA (VELC)- DISTRIBUIDOR 
VIAL"
1148,"VELC -LUIS CABRERA"
1149,"VELC-TORRES"
1150,"VELC-ÁGUILAS"
1151,"VELC-POETAS"
1152,"LUIS CABRERA-TORRES"
1153,"LUIS CABRERA-AGUILAS"
1154,"LUIS CABRERA-POETAS"
1155,"TORRES-AGUILAS"
1156,"TORRES-POETAS"
1157,"AGUILAS-POETAS"
1158,"TEPALCAPA-VALLEJO"
1159,"TEPALCAPA-CIRCUNVALACIÓN"
1160,"TEPALCAPA-1° DE MAYO"
1161,"TEPALCAPA-SAN JOAQUÍN"
1162,"TEPALCAPA-ENT. AUT. URBANA NTE."
1163,"LÓPEZ PORTILLO (PERINORTE)-VALLEJO"
1164,"LÓPEZ PORTILLO (PERINORTE)-CIRCUNVALACIÓN"
1165,"LÓPEZ PORTILLO (PERINORTE)-1° DE MAYO"
1166,"LÓPEZ PORTILLO (PERINORTE)-SAN JOAQUÍN"
1167,"LÓPEZ PORTILLO (PERINORTE)-ENT. AUT. URBANA NTE."
1168,"LECHERÍA-VALLEJO"
1169,"LECHERÍA-CIRCUNVALACIÓN"
1170,"LECHERÍA-1° DE MAYO"
1171,"LECHERÍA-SAN JOAQUÍN"
1172,"LECHERÍA-ENT. AUT. URBANA NTE."
1173,"LAGO DE GUADALUPE-VALLEJO"
1174,"LAGO DE GUADALUPE-CIRCUNVALACIÓN"
1175,"LAGO DE GUADALUPE-1° DE MAYO"
1176,"LAGO DE GUADALUPE-SAN JOAQUÍN"
1177,"LAGO DE GUADALUPE-ENT. AUT. URBANA NTE."
1178,"VALLE DORADO-CIRCUNVALACIÓN"
1179,"VALLE DORADO-1° DE MAYO"
1180,"VALLE DORADO-SAN JOAQUÍN"
1181,"VALLE DORADO-ENT. AUT. URBANA NTE."
1182,"SANTA MÓNICA-CIRCUNVALACIÓN"
1183,"SANTA MÓNICA-1° DE MAYO"
1184,"SANTA MÓNICA-SAN JOAQUÍN"
1185,"SANTA MÓNICA-ENT. AUT. URBANA NTE."
1186,"NAUCALLI-1° DE MAYO"
1187,"NAUCALLI-SAN JOAQUÍN"
1188,"NAUCALLI-ENT. AUT. URBANA NTE."
1189,"LOMAS VERDES-1° DE MAYO"
1190,"LOMAS VERDES-SAN JOAQUÍN"
1191,"LOMAS VERDES-ENT. AUT. URBANA NTE."
1192,"GUSTAVO BAZ-1° DE MAYO"
1193,"GUSTAVO BAZ-SAN JOAQUÍN"
1194,"GUSTAVO BAZ-ENT. AUT. URBANA NTE."
1195,"1° DE MAYO-SAN JOAQUÍN"
1196,"1° DE MAYO-ENT. AUT. URBANA NTE."
1197,"ENT. AUT. URBANA NTE.-G.BAZ"
1198,"ENT. AUT. URBANA NTE.-LOMAS VERDES"
1199,"ENT. AUT. URBANA NTE.-CIRCUNVALACIÓN"
1200,"ENT. AUT. URBANA NTE.-SANTA MÓNICA"
1201,"ENT. AUT. URBANA NTE.-VALLE DORADO"
1202,"ENT. AUT. URBANA NTE.-L GPE."
1203,"ENT. AUT. URBANA NTE.-LECHERÍA"
1204,"ENT. AUT. URBANA NTE.-LÓPEZ PORTILLO"
1205,"ENT. AUT. URBANA NTE.-TEPALCAPA"
1206,"TOREO-G.BAZ"
1207,"TOREO-LOMAS VERDES"
1208,"TOREO-CIRCUNVALACIÓN"
1209,"TOREO-SANTA MÓNICA"
1210,"TOREO-VALLE DORADO"
1211,"TOREO-L GPE."
1212,"TOREO-LECHERÍA"
1213,"TOREO-LÓPEZ PORTILLO"
1214,"TOREO-TEPALCAPA"
1215,"RIO SAN JOAQUÍN-G.BAZ"
1216,"RIO SAN JOAQUÍN-LOMAS VERDES"
1217,"RIO SAN JOAQUÍN-CIRCUNVALACIÓN"
1218,"RIO SAN JOAQUÍN-SANTA MÓNICA"
1219,"RIO SAN JOAQUÍN-VALLE DORADO"
1220,"RIO SAN JOAQUÍN-L GPE."
1221,"RIO SAN JOAQUÍN-LECHERÍA"
1222,"RIO SAN JOAQUÍN-LÓPEZ PORTILLO"
1223,"RIO SAN JOAQUÍN-TEPALCAPA"
1224,"GUSTAVO BAZ-LOMAS VERDES"
1225,"GUSTAVO BAZ-CIRCUNVALACIÓN"
1226,"GUSTAVO BAZ-SANTA MÓNICA"
1227,"GUSTAVO BAZ-VALLE DORADO"
1228,"GUSTAVO BAZ-L GPE."
1229,"GUSTAVO BAZ-LECHERÍA"
1230,"GUSTAVO BAZ-LÓPEZ PORTILLO"
1231,"GUSTAVO BAZ-TEPALCAPA"
1232,"CIRCUNVALACIÓN-SANTA MÓNICA"
1233,"CIRCUNVALACIÓN-VALLE DORADO"
1234,"CIRCUNVALACIÓN-L GPE."
1235,"CIRCUNVALACIÓN-LECHERÍA"
1236,"CIRCUNVALACIÓN-LÓPEZ PORTILLO"
1237,"CIRCUNVALACIÓN-TEPALCAPA"
1238,"VALLEJO/VALLEJO-L GPE."
1239,"VALLEJO/VALLEJO-LECHERÍA"
1240,"VALLEJO/ VALLEJO-LÓPEZ PORTILLO"
1241,"VALLEJO/ VALLEJO-TEPALCAPA"
1242,"VALLEJO /PERIFÉRICO-L GPE."
1243,"VALLEJO /PERIFÉRICO-LECHERÍA"
1244,"VALLEJO /PERIFÉRICO-LÓPEZ PORTILLO"
1245,"VALLEJO /PERIFÉRICO-TEPALCAPA"
1246,"VEB PTE.-CDI PTE."
1247,"VEB PTE.-EJERCITO NACIONAL PTE."
1248,"VEB PTE.-PALMAS PTE."
1249,"VEB PTE.-REFORMA CENTRO"
1250,"VEB PTE.-PARQUE PELVOUX"
1251,"VEB PTE.-CONSTITUYENTES PTE."
1252,"VEB PTE.-MINERIA PTE."
1253,"VEB PTE.-SAN ANTONIO PTE."
1254,"CDI PTE.-EJERCITO NACIONAL PTE."
1255,"CDI PTE.-PALMAS PTE."
1256,"CDI PTE.-REFORMA CENTRO"
1257,"CDI PTE.-PARQUE PELVOUX"
1258,"CDI PTE.-CONSTITUYENTES PTE."
1259,"CDI PTE.-MINERIA PTE."
1260,"CDI PTE.-SAN ANTONIO PTE."
1261,"CONSCRIPTO PTE.-EJERCITO NACIONAL PTE."
1262,"CONSCRIPTO PTE.-PALMAS PTE."
1263,"CONSCRIPTO PTE.-REFORMA CENTRO"
1264,"CONSCRIPTO PTE.-PARQUE PELVOUX"
1265,"CONSCRIPTO PTE.-CONSTITUYENTES PTE."
1266,"CONSCRIPTO PTE.-MINERIA PTE."
1267,"CONSCRIPTO PTE.-SAN ANTONIO PTE."
1268,"EJÉRCITO NACIONAL PTE.-PALMAS PTE."
1269,"EJÉRCITO NACIONAL PTE.-REFORMA CENTRO"
1270,"EJÉRCITO NACIONAL PTE.-PARQUE PELVOUX"
1271,"EJÉRCITO NACIONAL PTE.-CONSTITUYENTES PTE"
1272,"EJÉRCITO NACIONAL PTE.-MINERIA PTE."
1273,"EJÉRCITO NACIONAL PTE.-SAN ANTONIO PTE."
1274,"PALMAS PTE.-REFORMA CENTRO"
1275,"PALMAS PTE.-PARQUE PELVOUX"
1276,"PALMAS PTE.-CONSTITUYENTES PTE."
1277,"PALMAS PTE.-MINERIA PTE."
1278,"PALMAS PTE.-SAN ANTONIO PTE."
1279,"ROSARIO CASTELLANOS-CONSTITUYENTES PTE"
1280,"ROSARIO CASTELLANOS-MINERIA PTE."
1281,"ROSARIO CASTELLANOS-SAN ANTONIO PTE."
1282,"ALENCASTRE PTE.-CONSTITUYENTES PTE."
1283,"ALENCASTRE PTE.-MINERIA PTE."
1284,"ALENCASTRE PTE.-SAN ANTONIO PTE."
1285,"SAN ANTONIO OTE.-ALENCASTRE OTE."
1286,"SAN ANTONIO OTE.-CHAPULTEPEC / REFORMA OTE"
1287,"SAN ANTONIO OTE.-CONSCRIPTO OTE."
1288,"SAN ANTONIO OTE.-CDI OTE."
1289,"SAN ANTONIO OTE.-VEB OTE."
1290,"SOSTENES ROCHA OTE.-ALENCASTRE OTE."
1291,"SOSTENES ROCHA OTE.-CHAPULTEPEC/REFORMA OTE"
1292,"SOSTENES ROCHA OTE.-CONSCRIPTO OTE."
1293,"SOSTENES ROCHA OTE.-CDI OTE."
1294,"SOSTENES ROCHA OTE.-VEB OTE."
1295,"CONSTITUYENTES OTE.-ALENCASTRE OTE."
1296,"CONSTITUYENTES OTE.-CHAPULTEPEC / REFORMA OTE"
1297,"CONSTITUYENTES OTE.-CONSCRIPTO OTE."
1298,"CONSTITUYENTES OTE.-CDI OTE."
1299,"CONSTITUYENTES OTE.-VEB OTE."
1300,"PARQUE MARTE OTE.-CONSCRIPTO OTE."
1301,"PARQUE MARTE OTE.-CDI OTE."
1302,"PARQUE MARTE OTE.-VEB OTE."
1303,"EJÉRCITO NACIONAL OTE.-CONSCRIPTO OTE."
1304,"EJÉRCITO NACIONAL OTE.-CDI OTE."
1305,"EJÉRCITO NACIONAL OTE.-VEB OTE."
1306,"RÍO DE LOS REMEDIOS (TSN) - ALFREDO DEL MAZO (A)"
1307,"RIO DE LOS REMEDIOS (TSN) - CIRCUNVALACIÓN (A)"
1308,"RIO DE LOS REMEDIOS (TSN) - CIRCUITO EXTERIOR M. (B)"
1309,"RÍO DE LOS REMEDIOS (TSN) - JARDINES DE MORELOS (B)"
1310,"RÍO DE LOS REMEDIOS (D/E) - ALFREDO DEL MAZO (A)"
1311,"RIO DE LOS REMEDIOS (D/E) - CIRCUNVALACIÓN (A)"
1312,"RIO DE LOS REMEDIOS (D/E) - CIRCUITO EXTERIOR M. (B)"
1313,"RÍO DE LOS REMEDIOS (D/E) - JARDINES DE MORELOS (B)"
1314,"ALFREDO DEL MAZO (E) - CIRCUNVALACIÓN (A)"
1315,"ALFREDO DEL MAZO (E) - CIRCUITO EXTERIOR M. (B)"
1316,"ALFREDO DEL MAZO (E) - JARDINES DE MORELOS (B)"
1317,"CIRCUNVALACIÓN SUR(E) - CIRCUITO EXTERIOR M. (B)"
1318,"CIRCUNVALACIÓN SUR (E) - JARDINES DE MORELOS (B)"
1319,"VENTA DE CARPIO - CIRCUNVALACIÓN (C)"
1320,"VENTA DE CARPIO - ALFREDO DEL MAZO (C)"
1321,"VENTA DE CARPIO - RÍO DE LOS REMEDIOS (TSN)"
1322,"VENTA DE CARPIO - RÍO DE LOS REMEDIOS (A)"
1323,"JARDINES DE MORELOS (A) - CIRCUNVALACIÓN (C)"
1324,"JARDINES DE MORELOS (A) - ALFREDO DEL MAZO (C)"
1325,"JARDINES DE MORELOS (A) - RÍO DE LOS REMEDIOS (TNS)"
1326,"JARDINES DE MORELOS (A) - RÍO DE LOS REMEDIOS (A)"
1327,"CIRCUITO EXTERIOR M.  (A) - CIRCUNVALACIÓN (C)"
1328,"CIRCUITO EXTERIOR M. (A) - ALFREDO DEL MAZO (C)"
1329,"CIRCUITO EXTERIOR M. (A) - RÍO DE LOS REMEDIOS (TNS)"
1330,"CIRCUITO EXTERIOR M. (A) - RÍO DE LOS REMEDIOS (A)"
1331,"CIRCUNVALACIÓN SUR (D) - ALFREDO DEL MAZO (C)"
1332,"CIRCUNVALACIÓN SUR (D) - RÍO DE LOS REMEDIOS (TNS)"
1333,"CIRCUNVALACIÓN SUR (D) - RÍO DE LOS REMEDIOS (A)"
1334,"ALFREDO DEL MAZO (D) - RÍO DE LOS REMEDIOS (TNS)"
1335,"ALFREDO DEL MAZO (D) - RÍO DE LOS REMEDIOS (A)"
1336,"Atlixco-jantetelco"
1337,"Puebla-atlixco"
1338,"Mexicalli-rio colorado"
1339,"san martin-huejotzingo"
1340,"Apizaco-huahuchinango"
1341,"Apizaco-chignahuapan"
1342,"santa ana-altar"
1343,"Sueco-villa ahumada"
1344,"Delicias-conchos"
1345,"Conchos-camargo"
1346,"Camargo-jimenez"
1347,"chihuahua-sacramento"
1348,"flores magon-ojo laguna"
1349,"Cuahutémoc-santa isabel"
1350,"Jimenez-savalza"
1351,"flores magón-galeana"
1352,"libramiento de samalayuca-san jeronimo"
1353,"Chihuahua-ojinaga"
1354,"Puebla-tlaxcala"
1355,"libramiento de nogales"
1356,"san luis rio colorado II"
1357,"san luis rio colorado-doctor"
1358,"puente colombia"
1359,"puente de anzalduas"
1360,"puente coatzacoalcos"
1361,"puente ignacio chácez"
1362,"libramiento de ciudad juárez"
1363,"puente guadalupe tornillo"
1364,"puente lerdo-stanton"
1365,"puente josé lópez portillo"
1366,"puente la unidad-eugenio echeverria castellot"
1367,"puente laredo I"
1368,"puente libre comercio"
1369,"puente nuevo laredo iii"
1370,"puente paso del norte"
1371,"puente refinería lázaro cárdenas"
1372,"puente reynosa-phar"
1373,"puente rio bravo-donna"
1374,"puente rodolfo robles"
1375,"puente san miguel"
1376,"puente suchiate ii"
1377,"puente zaragoza-ysleta"
1378,"cd. mendoza-córdoba"
1379,"cd. mendoza-fortin"
1380,"Tintal-playa del carmen"
1381,"ent. Acolman-ent. Tequisistlan"
1382,"ent. Tequisistlan-ent. Nabor carrillo"
1383,"puente el prieto"
1384,"centinela-rumorosa"
1385,"libramiento de chilpancingo"
1386,"libramiento fresnillo"
1387,"libramiento calera-enrique estrada"
1388,"libramiento noreste de zacatecas"
1389,"libramiento felipe carrillo puerto"
1390,"ent. Chetumal-ent. Merida"
1391,"ent. Chetumal-ent. Felipe carrillo puerto"
1392,"autopista benito juárez"
1397,"A-32 bis"
1398,"tuxtla gutierrez-san pedro"
1399,"san luis potosi-villa juarez"
1400,"villa juarez-rio verde"
1401,"malinalco"
1402,"calz. Vallejo-ceylan"
1403,"autopista metlapil (viaducto punta diamante)-pinotepa"
1404,"autopista metlapil (viaducto punta diamante)-la venta"
1405,"virreyes-teziutlan"
1406,"Virreyes-zaragoza"
1407,"Atempan-teziutlan"
1408,"Atempan-virreyes"
1409,"virreyes-teziutlan"
1410,"cerritos-ent. tula"
1411,"zapotlan del rey-guadalajara"
1412,"Guadalajara-zapotlanejo del rey"
1413,"la sauceda-zapotlanejo"
1414,"la barca-san francisco de rivas"
1415,"Guadalajara-acatic"
1416,"Ent. Libramiento calera-enrique estrada"
1417,"Ent. Libramiento calera-enrique estrada"
1418,"5 Sur Leyes de Reforma A"
1419,"4 Oriente Río Churubusco A"
1420,"La Nueva Viga"
1421,"6 Sur Luis Méndez A"
1422,"6 Sur Luis Méndez B"
